[ {
  "newsid" : 1491520,
  "type" : 0,
  "title" : "科幻大作《全面回忆》全新预告片发布",
  "summary" : "",
  "image" : "http://img.9553.com/uploadfile/2016/0622/20160622013858811.jpg"
  }, {
  "newsid" : 1491552,
  "type" : 1,
  "image" : "http://pic.962.net/up/2016-5/14642525467998259.jpg",
  "title" : "《小律师有大作为》宣传海报",
  "summary" : "小律师有大作为,TNT,律政剧"
  }, {
  "newsid" : 1491537,
  "type" : 0,
  "image" : "http://img2.hackhome.com/img2015/11/7/2015110780073393.png",
  "title" : "＂权力的游戏＂第三季新动向",
  "summary" : "权力的游戏,冰与火之歌,动态"
  }, {
  "newsid" : 1491542,
  "type" : 1,
  "image" : "http://pic.jschina.com.cn/003/001/143/00300114372_31453006.jpg",
  "title" : "\"Penny\"卡蕾·库科登MAXIM封面",
  "summary" : "生活大爆炸,penny，大片,性感"
  }, {
  "newsid" : 1491539,
  "type" : 0,
  "image" : "http://att.bbs.duowan.com/forum/201603/24/100238rssz3oqu6ue3oe33.png",
  "title" : "阿汤哥加盟翻拍版\"范海辛\"",
  "summary" : "汤姆·克鲁斯,艾里克斯·库兹曼,范海辛"
  }, {
  "newsid" : 1491532,
  "type" : 1,
  "image" : "http://upload.chinaz.com/2016/0603/1464943613747.jpg",
  "title" : "汤姆·克鲁斯新片首曝造型",
  "summary" : "汤姆·克鲁斯,杰克·理查尔,剧照"
  }, {
  "newsid" : 1491534,
  "type" : 1,
  "image" : "http://img.mp.itc.cn/upload/20160408/545e79035b6f4607944e57d6fa1f45c7_th.jpg",
  "title" : "《画皮Ⅱ》今日全线公映",
  "summary" : "画皮II,陈国富,乌尔善"
  }, {
  "newsid" : 1491535,
  "type" : 0,
  "image" : "http://img31.mtime.cn/mg/2012/06/28/095518.44804954.jpg",
  "title" : "《华尔街之狼》将拍数字2D",
  "summary" : "马丁·斯科塞斯,华尔街之狼,胶片"
  }, {
  "newsid" : 1491533,
  "type" : 0,
  "image" : "http://attach10.92wy.com/images/2016/0407/14599958154c01f055.jpg",
  "title" : "成龙加盟英语喜剧动作新作",
  "summary" : "成龙,Jay Longino,十二生肖"
  }, {
  "newsid" : 1491518,
  "type" : 1,
  "image" : "http://u.candou.com/2016/0516/1463366235391.png",
  "title" : "《搜索》王珞丹特辑",
  "summary" : "搜索,陈凯歌,王珞丹"
  }, {
  "newsid" : 1491521,
  "type" : 0,
  "image" : "http://upload.chinaz.com/2015/1110/chinaz_80204111f3c1aa6baade3fbc80f667f2.jpg",
  "title" : "《痞子英雄》导演揭秘幕后",
  "summary" : "痞子英雄,电影版,赵又廷"
  }, {
  "newsid" : 1491520,
  "type" : 2,
  "image" : "http://i-3.yxdown.com/2016/4/6/b1a47988-6a3b-4b11-8190-047af1c94f23.jpg",
  "title" : "《全面回忆》新款预告片",
  "summary" : "全面回忆,柯林·法瑞尔,凯特·贝金赛尔"
  }, {
  "newsid" : 1491517,
  "type" : 1,
  "image" : "http://www.weilairibao.com/uploadfile/2016/0518/20160518115307765.jpg",
  "title" : "《四大名捕》发终极海报",
  "summary" : "四大名捕,陈嘉上,刘亦菲"
  }, {
  "newsid" : 1491516,
  "type" : 0,
  "image" : "http://img.9553.com/uploadfile/2016/0622/20160622013858811.jpg",
  "title" : "《画皮Ⅱ》零点首映",
  "summary" : "画皮Ⅱ,周迅,王中磊"
  }, {
  "newsid" : 1491512,
  "type" : 0,
  "image" : "http://img0.pcgames.com.cn/pcgames/1606/06/6164693_32-160524102424_thumb.jpg",
  "title" : "《大武当》媒体观影武戏获赞",
  "summary" : "大武当,媒体观影,杨幂"
  }]